,Site,Date,Designated,Location,Coordinates,Latitude,Longitude,Description,Type
0,Adelaide Hunter Hoodless Homestead ,1839 (completed),1995,Brant County,"43.23694,-80.29667",43.23694,-80.29667,"The childhood home of activist and organizer Adelaide Hunter Hoodless, educational reformer and co-founder of the Women's Institute, the National Council of Women of Canada and the Victorian Order of Nurses",NHistoric
1,Algoma Central Engine House ,1912 (completed),1992,Sault Ste. Marie,"46.5281611,-84.3505389",46.5281611,-84.3505389,"A well-preserved example of a brick engine house, and the first in Canada to have an internal turntable",NHistoric
2,Algonquin Provincial Park ,1893 (established),1992,Nipissing - Unorganized South Part (primarily),"45.58417,-78.35833",45.58417,-78.35833,"The first provincial park in Canada, noted for its pioneering role in park management, visitor interpretation programs and the development of park buildings and structures, as well as its role in inspiring artists such as the Group of Seven",NHistoric
3,Amherstburg First Baptist Church ,1849 (completed),2012,Amherstburg ,"42.1026833,-83.1057361",42.1026833,-83.1057361,A modest wooden church that was a major Underground Railroad church in Upper Canada and that played a crucial role in the development of the Black community in Ontario,NHistoric
4,Amherstburg Navy Yard ,1796 (established),1928,Amherstburg ,"42.1018833,-83.1125583",42.1018833,-83.1125583,"The site of a Royal Navy shipyard from 1796â€“1813, which served as the hub of the British naval presence on the upper Great Lakes",NHistoric
5,Annandale House/Tillsonburg Museum ,1882 (completed),1997,Tillsonburg,"42.86250,-80.72167",42.8625,-80.72167,One of the best surviving illustrations in Canada of the Aesthetic Movement and the movement's major impact on domestic architecture in Canada,NHistoric
6,Backhouse Grist Mill ,1798 (completed),1998,Norfolk County,"42.6427000,-80.4748000",42.6427,-80.4748,"One of the few gristmills in this region not to be burned during the War of 1812, it is one of the oldest and best preserved examples in Canada of small-scale, water-powered establishments found throughout the country in the 19th and early 20th centuries",NHistoric
7,Banting House ,1900 (completed),1997,London,"42.9899583,-81.2317944",42.9899583,-81.2317944,A yellow-brick house recognized as the site of the defining moment in the discovery of insulin by Frederick Banting,NHistoric
8,Barnum House ,1820 (completed),1959,Grafton,"43.9944361,-78.015889",43.9944361,-78.015889,A noted example of Neoclassic domestic architecture as brought to Canada by settlers from New England,NHistoric
9,Battle Hill ,1814 (battle),1924,Southwest Middlesex,"42.69417,-81.70500",42.69417,-81.705,The site of the Battle of Longwoods during the War of 1812,NHistoric
10,Battle of Crysler's Farm ,1813 (battle),1920,South Dundas,"44.9419778,-75.0701722",44.9419778,-75.0701722,"The site of a victory by badly outnumbered British troops in the War of 1812, prompting the American forces to abandon the St. Lawrence Campaign; the original battle site was submerged in 1958 by the construction of the Saint Lawrence Seaway, so the 1895 monument was relocated to its current location in Crysler's Farm Battlefield Park near Upper Canada Village",NHistoric
11,Battle of the Windmill ,1838 (battle),1920,Prescott,"44.7209000,-75.4871000",44.7209,-75.4871,"The site a battle fought during the Upper Canada Rebellion, whereby Loyalist forces defeated an invasion attempt by Hunter Patriot insurgents based in the United States",NHistoric
12,Beausoleil Island ,,2011,Muskoka District,"44.8661000,-79.8699000",44.8661,-79.8699,An island within Georgian Bay Islands National Park; a cultural landscape of the Anishinaabeg,NHistoric
13,Beechcroft and Lakehurst Gardens ,1870 (ca.) (established),1978,Roches Point,"44.2733111,-79.5030250",44.2733111,-79.503025,Gardens reportedly designed by Frederick Law Olmsted,NHistoric
14,Bell Homestead ,1858 (completed),1996,Brantford,"43.107917,-80.2708361",43.107917,-80.2708361,"The first home of Alexander Graham Bell in North America, it is associated with the conception of and early long-distance trials of the telephone",NHistoric
15,Belle Vue ,1819 (completed),1959,Amherstburg,"42.093222,-83.1127750",42.093222,-83.112775,"A two-storey, white painted, brick house constructed for the Deputy Assistant Commissary General of the garrison at Fort Malden, ranking among the finest examples of Palladian architecture in Canada",NHistoric
16,Belleville Railway Station (Grand Trunk) ,1856 (completed),1973,Belleville,"44.1790028,-77.3747361",44.1790028,-77.3747361,"A railway station representative of the larger stations erected for the newly formed Grand Trunk Railway along the key Toronto to Montreal line during the mid-19th century, it is the oldest continuously operating passenger train station in Canada",NHistoric
17,Bethune Memorial House ,1880 (completed),1996,Gravenhurst,"44.9204028,-79.3761361",44.9204028,-79.3761361,The birthplace of Dr. Norman Bethune,NHistoric
18,Bethune-Thompson House / White House ,1805 (completed),1966,Williamstown,"45.1437972,-74.5747889",45.1437972,-74.5747889,"A noted early Ontario home, representative of the design and construction techniques from the period; portions date to the 1780s when Loyalist Peter Ferguson settled on the site, but the main structure was built in 1805 as a manse for Reverend John Bethune, the first Presbyterian minister in Upper Canada and was later the residence of explorer David Thompson",NHistoric
19,Billy Bishop Boyhood Home ,1884 (completed),2002,Owen Sound,"44.56639,-80.947639",44.56639,-80.947639,The birthplace and childhood home of First World War flying ace Billy Bishop,NHistoric
20,Bois Blanc Island Lighthouse and Blockhouse ,"1837 (lighthouse completed), 1839 (blockhouse completed)",1955,Bois Blanc Island,"42.0878250,-83.1198556",42.087825,-83.1198556,"The site of the attack by Canadian rebels and their American supporters in January 1838 during the Upper Canada Rebellion; in response to the raid, the blockhouse was built to complement the reconstructed Fort Malden",NHistoric
21,Bridge Island / Chimney Island ,1814 (blockhouse completed),1936,Front of Yonge,"44.4686417,-75.8345028",44.4686417,-75.8345028,Formerly the site of a naval station during the War of 1812,NHistoric
22,Buxton Settlement ,1849 (established),1999,Chatham-Kent,"42.305667,-82.220417",42.305667,-82.220417,"A community founded by abolitionist Reverend William King, 15 former American slaves, and an association which included James Bruce, 8th Earl of Elgin, then the Governor General of Canada, to create a haven for fugitive slaves escaping via the Underground Railroad",NHistoric
23,Canadian Car & Foundry ,1912 (completed),2009,Thunder Bay,"48.3570472,-89.3056722",48.3570472,-89.3056722,"Located within the Bombardier Transportation facility, the historic complex was the main plant of Canada's largest aircraft manufacturer during the Second World War, with 10% of the world's production of the Hurricane built there; representative of the wartime contributions made by women workers and of the country's post-war mass-transit manufacturing industry",NHistoric
24,Canal Lake Concrete Arch Bridge ,1905 (completed),1988,Bolsover,"44.5583083,-79.0461167",44.5583083,-79.0461167,"A bridge spanning the Trent-Severn Waterway, it is the earliest known reinforced concrete bridge in Canada",NHistoric
25,Carrying Place of the Bay of Quinte ,1787 (treaty negotiated),1929,Carrying Place,"44.0485472,-77.5828750",44.0485472,-77.582875,The location where Sir John Johnson and Chiefs of the Mississauga negotiated a treaty ceding a river and portage route between Lake Ontario and Lake Huron,NHistoric
26,Castle Kilbride ,1877 (completed),1993,Baden,"43.40417,-80.67139",43.40417,-80.67139,"An Italianate villa, the former residence of the ""Flax and Oil King of Canada"" James Livingston, known for its interior decorative mural paintings",NHistoric
27,Chiefswood ,1856 (completed),1953,Six Nations of the Grand River First Nation,"43.1010778,-80.0949667",43.1010778,-80.0949667,Italianate-style birthplace of poet E. Pauline Johnson,NHistoric
28,"Christ Church, Her Majesty's Chapel Royal of the Mohawk ",1843 (completed),1995,Deseronto,"44.1855361,-77.0734056",44.1855361,-77.0734056,"A historic chapel linked with establishment of Mohawk nation in Ontario; one of only two Royal chapels in Canada, representing the historic alliance between the British Crown and the Mohawk peoples",NHistoric
29,Claverleigh ,1871 (completed),1990,Creemore,"44.3180139,-80.1021778",44.3180139,-80.1021778,A noted example of a Gothic Revival-style wood villa,NHistoric
30,Cliff Site ,1670 (event),1919,Port Dover,"42.7855917,-80.1963111",42.7855917,-80.1963111,"Marked by a large memorial cross, the site where two Sulpician priests, FranÃ§ois Dollier de Casson and RenÃ© de BrÃ©hant de GalinÃ©e, laid claim to the north shore of Lake Erie in the name of France",NHistoric
31,Cobalt Mining District ,1903 (established),2002,Cobalt,"47.3975944,-79.6743528",47.3975944,-79.6743528,"A cultural landscape comprising buildings and structures associated with early 20th-century silver mining and urban settlement, once one of the largest silver producing areas in the world",NHistoric
32,Cox Terrace ,1884 (completed),1991,Peterborough,"44.3037667,-78.326222",44.3037667,-78.326222,A noted example of a residential terrace built in the Second Empire style,NHistoric
33,Cummins Pre-contact Site ,,1981,Thunder Bay,"48.40583,-89.35333",48.40583,-89.35333,A site once on the shoreline of glacial Lake Minong; extensive late Paleo-Indian quarry,NHistoric
34,Darlingside ,1830 (established),1992,Leeds and the Thousand Islands,"44.368283,-75.969317",44.368283,-75.969317,Rare surviving example of the wood depots that sold fuel to the steamboats that plied the St. Lawrence River and the Great Lakes,NHistoric
35,Donaldson Site ,500 BC - 300 AD,1982,Chippewa Hill,"44.5057556,-81.3340417",44.5057556,-81.3340417,"A 1.2-hectare (3.0-acre) archaeological site; the largest and best documented Saugeen Complex site known, representing many habitation and mortuary practices of the Woodland period",NHistoric
36,Ermatinger House ,1823 (completed),1957,Sault Ste. Marie,"46.5062583,-84.3246278",46.5062583,-84.3246278,"A stone house believed to be the oldest surviving house in Northwestern Ontario, it was built by Charles Oakes Ermatinger, an active partner of the North West Company, and was used as a temporary headquarters by Garnet Wolseley, 1st Viscount Wolseley during the Red River Expedition",NHistoric
37,Etharita Site ,1647â€“49,1982,Clearview,"44.412000,-80.210583",44.412,-80.210583,The main village of the Wolf Tribe of the Petun,NHistoric
38,Fairfield on the Thames ,"1792 (established), 1813 (destroyed)",1945,Chathamâ€“Kent,"42.6321583,-81.8697306",42.6321583,-81.8697306,"The site of the original village of Fairfield, founded in 1792 by Aboriginal refugees and Moravian missionaries who came to Canada from Ohio, fleeing persecution in the United States after refusing to take sides during the American Revolutionary War; the village was destroyed in 1813 by American invaders during the War of 1812, when the inhabitants were accused of sheltering British officers",NHistoric
39,Finnish Labour Temple ,1910 (completed),2011,Thunder Bay,"48.43222,-89.23000",48.43222,-89.23,A two-storey brick building that played an important social and community role for Finnish immigrants to Canada,NHistoric
40,First Commercial Oil Field ,1858 (discovery of oil),1925,Oil Springs,"42.783417,-82.1167722",42.783417,-82.1167722,"The site of the first commercial oil well in the world, the first drilled well in Canada, the first gumbeds that were commercially used in the world, and the first gas gusher in Canada",NHistoric
41,Forbes Textile Mill ,1863 (established),1989,Cambridge,"43.4275111,-80.3201611",43.4275111,-80.3201611,"A wool mill that was, for a time in the early decades of the twentieth century, the largest woollen and worsted mill in Canada",NHistoric
42,Former Almonte Post Office ,1891 (completed),1983,Almonte,"45.2255417,-76.1951417",45.2255417,-76.1951417,"A stone post office with a steep gabled roof and central clock tower; designed by Thomas Fuller, the building has undergone no major exterior alterations, so remains an excellent representative example of early multi-use federal buildings in small communities",NHistoric
43,Former Bowmanville Boys Training School/Camp 30 ,1924 (established),2013,Bowmanville,"43.92722,-78.66750",43.92722,-78.6675,"A group of Prairie-style buildings originally constructed as a progressive boys school, and used during the Second World War as an internment camp for German prisoners of war",NHistoric
44,Former Brockville Post Office ,1886 (completed),1983,Brockville,"44.5898111,-75.6848833",44.5898111,-75.6848833,"A stone post office, blending Flemish, Queen Anne and classical elements; a good example of the post offices erected by the Department of Public Works in smaller urban centres during Thomas Fuller's term as Chief Dominion Architect",NHistoric
45,Former Elora Drill Shed ,1865 (completed),1989,Elora,"43.680056,-80.4288917",43.680056,-80.4288917,"A good representative example of the early stage in drill hall construction in Canada (when rural militia units, rather than the Department of Defence, were responsible for their construction), noted for its classical proportions, the fanlight over the door and the oculus in the gable",NHistoric
46,Former Galt Post Office ,1887 (completed),1983,Cambridge,"43.3583556,-80.3155528",43.3583556,-80.3155528,"A limestone-clad post office, blending elements of Romanesque Revival, Gothic Revival and Second Empire architectural styles; representative of small urban post offices designed by Thomas Fuller",NHistoric
47,Former Port Perry Town Hall ,1873 (completed),1984,Port Perry,"44.1032972,-78.9472667",44.1032972,-78.9472667,"A noted example of a municipal meeting hall; the lower hall was used for village council meetings, and the balconied opera house on the second storey served as the village's social centre",NHistoric
48,Fort Malden ,"1799 (Fort Amherstburg completed), 1815 (fort initially rebuilt)",1921,Amherstburg,"42.1077111,-83.1126444",42.1077111,-83.1126444,"British fort (initially known as Fort Amherstburg) that served as the principal defence of the western frontier for the period until 1813 (when it was captured and later destroyed by the Americans), and also served as an important fortification during the border raids associated with the Upper Canada Rebellion in 1837-38",NHistoric
49,Fort Norfolk (Turkey Point),1814 (completed),1925,Norfolk County,"42.6994056,-80.324972",42.6994056,-80.324972,The site of a British military and naval post between 1814 and 1815; abandoned shortly after the War of 1812,NHistoric
50,Fort Sainte Marie II ,1649 (established),1920,Christian Island,"44.8241611,-80.1642333",44.8241611,-80.1642333,"A Jesuit mission to the Huron-Wendat 1649-50; in 1651, remaining Huron-Wendat made their last stand against the Iroquois from this mission before fleeing to Quebec",NHistoric
51,Fort St. Joseph ,1796 (established),1923,St. Joseph Island,"46.06333,-83.94667",46.06333,-83.94667,"Built as a counterpoint to an American garrison on Mackinac Island, Fort St. Joseph was the British Empire's most westerly outpost; destroyed by the Americans in 1812 when British forces left to take Fort Michilimackinac; the ruins of the fortifications and the archaeological resources on the site reveal the complex aspects of military, domestic and commercial life (both Aboriginal and European) in a frontier outpost",NHistoric
52,Fort St. Pierre ,1731 (established),1934,Fort Frances,"48.6183861,-93.3601000",48.6183861,-93.3601,The first French fort built west of Fort Kaministiquia by Pierre La VÃ©rendrye in Northwestern Ontario,NHistoric
53,Fort Wellington ,1813 (established),1920,Prescott,"44.7129000,-75.508500",44.7129,-75.5085,"One of the best preserved nineteenth-century fortifications in Canada, the fort protected shipping along the St. Lawrence River during War of 1812",NHistoric
54,Fort William ,1803 (established),1923,Thunder Bay,"48.34278,-89.35833",48.34278,-89.35833,"Important North West Company post, now serving as a reconstructed living history site",NHistoric
55,FranÃ§ois BÃ¢by House ,1812 (completed),1950,Windsor,"42.318500,-83.0424000",42.3185,-83.0424,"During the War of 1812, American forces crossed the Detroit River and used the house as headquarters for their invasion; when the Americans retreated one month later, the BÃ¢by House was occupied by British forces under Major-General Isaac Brock, who built an artillery battery on the property and used it to open fire on Fort Detroit",NHistoric
56,Fulford Place ,1901 (completed),1992,Brockville,"44.5972889,-75.6708250",44.5972889,-75.670825,"An excellent intact example of the type of mansion erected by wealthy Canadians in the late 19th and early 20th centuries, with the general layout of the site remaining as it was originally laid out by the Olmsted Brothers",NHistoric
57,Gillies Grove and House ,1937 (completed),1993,Arnprior,"45.4449889,-76.3589500",45.4449889,-76.35895,"House associated with two of the most prominent forest industry families in the Ottawa Valley, the McLachlins and the Gillies; surrounded by one of the few remaining accessible woodlots containing significant stands of old growth Ottawa Valley White Pine",NHistoric
58,Glanmore / Phillips-Faulkner House ,1883 (completed),1969,Belleville,"44.1669750,-77.3675361",44.166975,-77.3675361,"House designed by architect Thomas Hanley for J.P.C Phillips, a wealthy Belleville banker and financier; an excellent representative example of the Second Empire style popular among the upper middle class in late 19th-century Canada",NHistoric
59,Glengarry Cairn ,1842 (completed),1921,South Glengarry,"45.1217194,-74.4898139",45.1217194,-74.4898139,"Large cairn erected by the Glengarry militia to commemorate the services of Sir John Colborne, commander-in-chief of the armed forces during the Upper Canada Rebellion",NHistoric
60,Glengarry House ,1792 (completed),1921,Cornwall,"45.03944,-74.6190972",45.03944,-74.6190972,"The ruins of the residence of Lieutenant Colonel John Macdonell, a pioneer in the settlement of Ontario, first Speaker of the Legislative Assembly of Upper Canada, and a hero of the Battle of Queenston Heights",NHistoric
61,Glengarry Landing ,1814 (flotilla construction),1923,Edenvale,"44.4518278,-79.9000667",44.4518278,-79.9000667,"Site at the junction of the Nottawasaga River and Marl Creek, where in 1814 the Glengarry Light Infantry Fencibles, under the command of Lieutenant-Colonel Robert McDouall, constructed a flotilla of boats to relieve the British garrison at Fort Michilimackinac and to effect the subsequent capture of Prairie du Chien during the War of 1812",NHistoric
62,Guelph City Hall ,1857 (completed),1984,Guelph,"43.544083,-80.247750",43.544083,-80.24775,"A two-storey, limestone building built in the Renaissance Revival style, it is an excellent example of a multi-functional city hall, which contained the market, fire hall, police office and jail, library, a reading room, a large public hall, along with town offices and a council chamber; symbolic of Guelph's mid-19th-century confidence following the arrival of the Grand Trunk Railway in the community",NHistoric
63,Hamilton and Scourge ,1813 (sinking),1976,Lake Ontario (11 kilometres (6.8Â mi) north of St. Catharines),"43.2962000,-79.297944",43.2962,-79.297944,"The USS Hamilton and USS Scourge were two merchant schooners pressed into service by the Americans in the War of 1812, both of which capsized and sank in a sudden squall; the ships are in remarkable condition at the underwater wreckage site and are rare examples of surviving War of 1812 vessels",NHistoric
64,Her Majesty's / St. Paul's Chapel of the Mohawks ,1785 (completed),1981,Brantford,"43.1244472,-80.2349556",43.1244472,-80.2349556,"The first Protestant church in Upper Canada, now the oldest surviving church in Ontario, and one of only two Royal Chapels in Canada; symbolic of the important role played by the Loyalist Mohawks in the development of the province",NHistoric
65,Hillary House ,1862 (completed),1973,Aurora,"44.0028028,-79.4686278",44.0028028,-79.4686278,"Now operating as the Koffler Museum of Medicine, an excellent example of a Picturesque house in the Gothic Revival style",NHistoric
66,Homer Watson House / Doon School of Fine Arts ,1834 (completed),1980,Kitchener,"43.3948667,-80.4184944",43.3948667,-80.4184944,Once the home and studio of Canadian landscape artist Homer Watson; some of Watson's most well-known works are views of the surrounding countryside from various vantage points on this property,NHistoric
67,Homewood ,1801 (completed),1982,Augusta,"44.6332083,-75.6168694",44.6332083,-75.6168694,"A two-storey fieldstone residence built for Dr. Solomon Jones, a prominent Loyalist; the house reflects the lifestyle of a prominent rural professional in the early 19th century and its design uniquely melds the Palladian style and the rural architectural traditions of nearby Quebec",NHistoric
68,Huron County Gaol ,1841 (completed),1973,Goderich,"43.7496750,-81.7082833",43.749675,-81.7082833,A distinctive octagonal jail design in the Panopticon style of prison construction,NHistoric
69,Inverarden House ,1823 (completed),1968,Cornwall,"45.0313250,-74.6710722",45.031325,-74.6710722,"Built for retired North West Company partner John MacDonald of Garth, the manor house is an excellent early example of Regency architecture in Canada",NHistoric
70,Joseph Schneider Haus ,1816 (completed),1999,Kitchener,"43.4448194,-80.4946278",43.4448194,-80.4946278,"A house museum associated with the migration of German Mennonites from Lancaster County, Pennsylvania to Waterloo County in the early 19th century, and illustrative of the typical Mennonite house plan from the period",NHistoric
71,Kay-Nah-Chi-Wah-Nung (Rainy River Mounds) ,3000 BCE (ca.),1969,Morley,"48.646933,-94.094017",48.646933,-94.094017,"One of the most significant centres of early habitation and ceremonial burial in Canada, with evidence of 5,000 years of human habitation, including burial mounds from the Laurel and Blackduck cultures; a cultural and historic focal point for the Rainy Lake and River Bands of Saulteaux",NHistoric
72,Lansdowne Iron Works ,1801 (established),1932,Leeds and the Thousand Islands,"44.5493278,-76.126028",44.5493278,-76.126028,"The first ironworks in Upper Canada, destroyed by fire after a decade in operation",NHistoric
73,Leaskdale Manse ,1886 (completed),1996,Leaskdale,"44.2030972,-79.1604333",44.2030972,-79.1604333,The home of Lucy Maud Montgomery when she wrote 11 of the 22 works published during her lifetime; the house and its immediate area figure prominently in her posthumously published journals,NHistoric
74,Leeds and Grenville County Court House ,1844 (completed),1966,Brockville,"44.5908639,-75.6857472",44.5908639,-75.6857472,A landmark building set on a hill at the top of the historic Brockville town square; one of the most grandiose district courthouses built in Upper Canada,NHistoric
75,Lynnwood / Campbell-Reid House ,1851 (completed),1972,Simcoe,"42.8378972,-80.3033222",42.8378972,-80.3033222,Excellent example of a modestly-sized house in the Neoclassical style; located on a rise overlooking the Lynn River,NHistoric
76,Macdonell-Williamson House ,1819 (completed),1969,East Hawkesbury,"45.5636278,-74.3832556",45.5636278,-74.3832556,A stone house built on the banks of the Ottawa River as a retirement home for former North West Company partner John Macdonell,NHistoric
77,Matheson House ,1840 (completed),1966,Perth,"44.9010889,-76.2506639",44.9010889,-76.2506639,"Built for Roderick Matheson, a local merchant and politician, the house is a good example of an affluent, pre-Confederation residence; it occupies a key position in one of the best surviving historic streetscapes in Canada, and now serves as the Perth Museum",NHistoric
78,Mazinaw Pictographs ,,1982,Bon Echo Provincial Park,"44.9005722,-77.2064222",44.9005722,-77.2064222,The largest rock art site on the southern Canadian Shield and the only major pictograph site in Southern Ontario,NHistoric
79,McCrae House ,1858 (ca.) (completed),1966,Guelph,"43.536028,-80.245028",43.536028,-80.245028,"The birthplace of John McCrae, the author of In Flanders Fields",NHistoric
80,McMartin House ,1830 (completed),1972,Perth,"44.8978139,-76.2469417",44.8978139,-76.2469417,"Built for Daniel McMartin, a member of Upper Canada's Tory Loyalist elite; an example of American federal architecture that was elaborate for the time and place of construction",NHistoric
81,Merrickville Blockhouse ,1833 (completed),1939,Merrickvilleâ€“Wolford,"44.9168167,-75.8377861",44.9168167,-75.8377861,"A relatively large, British-designed blockhouse, considered an excellent example of the structures erected for the defence of the Rideau Canal in the 19th-century",NHistoric
82,Middleport Site ,,1953,Six Nations of the Grand River First Nation,"43.0983361,-80.0678278",43.0983361,-80.0678278,Archaeological site related to the Middle Ontario Iroquois,NHistoric
83,Middlesex County Court House ,1829 (completed),1955,London,"42.9821083,-81.2543472",42.9821083,-81.2543472,"A very early and nationally significant example of the Gothic Revival style in Canada; associated with the early government of the province, as the site of the building was proposed by John Graves Simcoe for the provincial capital",NHistoric
84,Mission of St. Ignace II ,1649 (attack),1955,Tay,"44.719389,-79.7179778",44.719389,-79.7179778,"Destruction of Saint Ignace II and nearby Saint-Louis sealed the fate of the Huron- Wendat confederacy, leading to the abandonment of their traditional homeland",NHistoric
85,Mnjikaning Fish Weirs ,3300 BCE (ca.),1982,Ramara,"44.6043417,-79.369611",44.6043417,-79.369611,"The site of the largest and best preserved wooden fish weirs known in eastern North America, in use from about 3300 B.C. until the recent past",NHistoric
86,Moose Factory Buildings ,1673 (established),1957,Moose Factory,"51.2786694,-80.639306",51.2786694,-80.639306,"19th-century buildings associated with the second Hudson's Bay Company post in Canada; after the 1821 merger with the North West Company, Moose Factory became the supply point for posts inland as far as Lake Timiskaming",NHistoric
87,Nanticoke ,1813 (battle),1924,Nanticoke,"42.7976056,-80.0533389",42.7976056,-80.0533389,"The site where the Norfolk volunteer militia routed a band of American marauders who had been pillaging area farms and terrorizing the country, an exploit that inspired the British military forces and the people of Upper Canada during the War of 1812; now the location of the Nanticoke Generating Station",NHistoric
88,Napanee Town Hall ,1856 (completed),1984,Greater Napanee,"44.2485889,-76.9506889",44.2485889,-76.9506889,"An early Ontario example of a combination town hall and market, and a rare extant example in Canada of a town hall in the Greek Revival style; symbolic of the development of local government in Ontario in the 19th century",NHistoric
89,Nazrey African Methodist Episcopal Church ,1848 (completed),1999,Amherstburg,"42.1013583,-83.1060139",42.1013583,-83.1060139,"A simple fieldstone chapel, now part of the North American Black Historical Museum complex; it has an important association with Bishop Willis Nazery, the first leader of a wholly Canadian denomination (the British Methodist Episcopal Church) founded by Underground Railroad refugees",NHistoric
90,Normandale Furnace ,1818 (commenced operations),1927,Normandale,"42.709750,-80.309883",42.70975,-80.309883,The site of an early 19th-century Ontario iron smelter,NHistoric
91,Old Hay Bay Church ,1792 (completed),2001,Greater Napanee,"44.1031806,-77.0170361",44.1031806,-77.0170361,"Built by United Empire Loyalist settlers, it is the oldest surviving Methodist building in Canada and is associated with the role played by Methodists in Upper Canadaâ€™s early development; a significant element of the history of the United Church of Canada",NHistoric
92,Old Stone Church ,1853 (completed),1991,Beaverton,"44.4262861,-79.1158750",44.4262861,-79.115875,A small rural fieldstone church; a particularly good example of the few early stone vernacular churches surviving in Canada,NHistoric
93,Old Stone Mill ,1810 (completed),1970,Delta,"44.6102056,-76.1223806",44.6102056,-76.1223806,A three-storey stone gristmill which played an important role in the settlement and economic development of Leeds County; one of the oldest surviving mills in Ontario,NHistoric
94,Old Woodstock Town Hall ,1853 (completed),1955,Woodstock,"43.1293806,-80.757472",43.1293806,-80.757472,"A two-storey, buff-brick, Italianate-style town hall building; an excellent example of a Canadian colonial adaptation of a British town hall",NHistoric
95,Oro African Methodist Episcopal Church ,1849 (completed),2000,Edgar,"44.5026889,-79.6363528",44.5026889,-79.6363528,A log church with an unmarked cemetery; the last built remnant of a community of Black Canadians with United Empire Loyalist roots,NHistoric
96,Ossossane Sites ,,1982,Ossossane Beach,"44.6823250,-79.9512528",44.682325,-79.9512528,Archaeological site of the principal village of Bear Clan of the Hurons,NHistoric
97,Our Lady of the Immaculate Conception ,1888 (completed),1990,Guelph,"43.5429944,-80.2516306",43.5429944,-80.2516306,"Influenced by the medieval cathedrals of France, the church on a hill is an exceptional example of the Victorian High Gothic style in Canadian architecture",NHistoric
98,Oxford-on-Rideau Township Hall ,1875 (completed),1984,Oxford Mills,"44.9625972,-75.6786556",44.9625972,-75.6786556,"A two-storey stone building with a cupola, this small town hall is representative of early local government in Canada",NHistoric
99,Park House,1796 (built),2018,Amherstburg,"42.103659,-83.113490",42.103659,-83.11349,"Considered one of the oldest houses in the Amherstburg region, Park House is a rare example of a once-common colonial building type found in settlements and fur-trading posts across colonial North America. Through its architecture, Park House tells the story of the traders and artisans who populated the Windsor region.",NHistoric
100,Parkhill ,8000 BCE (ca.),1982,Parkhill,"43.15917,-81.70778",43.15917,-81.70778,"The first major Palaeo-Indian habitation site reported in Ontario, consisting of concentrations of stone artifactual material distributed over 6 hectares (15 acres)",NHistoric
101,Parkwood ,1940 (completed),1989,Oshawa,"43.9033194,-78.8684667",43.9033194,-78.8684667,"A residential estate developed between 1915 and 1940 by Canadian industrialist Samuel McLaughlin; among the finest and most intact surviving examples of Canadian architectural and landscape design, featuring the work of Pearson and Darling, Frances Loring, John M. Lyle, Florence Wyle and others",NHistoric
102,Penman Textile Mill ,1874 (completed),1989,Paris,"43.1975778,-80.3896833",43.1975778,-80.3896833,"The first and most important plant of the largest knitting firm in Canada, the Penman Manufacturing Company",NHistoric
103,Perth Town Hall ,1864 (completed),1984,Perth,"44.8991278,-76.2488833",44.8991278,-76.2488833,"A two-storey stone building topped by a layered cupola with clock, symbolic of the role and importance of local government in the 19th century",NHistoric
104,Peterborough Drill Hall / Armoury ,1909 (completed),1989,Peterborough,"44.3086556,-78.3222944",44.3086556,-78.3222944,"Built in the Romanesque Revival style, the armoury is representative of the third phase of drill hall construction in Canada (1896â€“1918); one of the largest and best designed examples from the 1907-1909 period",NHistoric
105,Peterborough Lift Lock ,1904 (completed),1979,Peterborough,"44.3076806,-78.3002889",44.3076806,-78.3002889,"A large boat lift along the Trent-Severn Waterway designed to lift boats 19.8 metres (65Â ft); it is the highest hydraulic lift lock in the world, and at the time of its construction was an engineering achievement of national and international renown",NHistoric
106,Peterborough Petroglyphs ,900 to 1400 (ca.),1981,Otonabee-South Monaghan,"44.613444,-78.0441278",44.613444,-78.0441278,"An outcrop of exposed marble inscribed with hundreds of realistic human and animal forms, as well as numerous abstract and symbolic images; one of the largest known concentrations of pre-contact petroglyphs in Canada",NHistoric
107,Pic River Site ,,1981,Pic River,"48.6263278,-86.2849056",48.6263278,-86.2849056,"A site comprising four archaeological nodes: the Pic River site, Fort Pic, the Heron Bay site, and the Duncan site, which together represent numerous Aboriginal and European occupations dating from 12000 BCE to the late 19th century",NHistoric
108,Point Clark Lighthouse ,1859 (completed),1966,Point Clark,"44.0728556,-81.7573250",44.0728556,-81.757325,One of six Imperial Towers on Lake Huron; noted for its distinctive lantern and the quality of its architecture,NHistoric
109,Pointe au Baril ,,1923,Maitland,"44.637583,-75.609583",44.637583,-75.609583,"The ""Iroquoise"" and ""Outaouaise"", the last two French warships that navigated Lake Ontario, were built on this point",NHistoric
110,Port Hope Capitol Theatre,1930,2016,Port Hope,"43.950798,-78.293215",43.950798,-78.293215,"Rare and outstanding ""atmospheric"" theatre of the 1920s, among the first to present ""talkies""",NHistoric
111,Port Stanley ,1669 (first European contact),1923,Port Stanley,"42.6658306,-81.2119472",42.6658306,-81.2119472,"An important landing point for a succession of explorers and travellers of the 17th and 18th centuries, marked by a cairn commemorating events including the landing of Adrien Jolliet in 1669 (during the first descent of the Great Lakes by Europeans) and the encampment by Isaac Brock and his troops in the War of 1812",NHistoric
112,Port Talbot ,1803 (established),1923,Port Talbot,"42.640050,-81.366150",42.64005,-81.36615,"Founded in 1803 by Thomas Talbot, the settlement was one of the most prosperous of its time in Upper Canada, noted for its good roads, with Talbot keeping out land speculators and securing hard-working settlers; Talbot's authoritarian control of the settlers led to his downfall at the hands of colonial authorities",NHistoric
113,Prescott Railway Station (Grand Trunk) ,1855 (completed),1973,Prescott,"44.7110167,-75.524611",44.7110167,-75.524611,"A small, stone train station, typical of the smaller stations erected for the Grand Trunk Railway during the first construction period of the GTR line between Montreal and Brockville",NHistoric
114,Rideau Canal ,1832 (completed),1925,Ottawa to Kingston,"45.42583,-75.69722",45.42583,-75.69722,"Built for the British government by Lieutenant-Colonel John By as a defensive work in the event of war with the United States, the canal is the best preserved example of a 19th-century slack water canal in North America, with most of its original structures intact",NHistoric
115,Ridout Street Complex ,1838 to 1870 (period of construction),1966,London,"42.9836861,-81.2548500",42.9836861,-81.25485,"Comprising three mid-19th-century residential and commercial buildings, the grouping is representative of the appearance of Ontario cities in that period and of London's early residential and commercial architecture",NHistoric
116,Rosamond Woollen Mill ,1866 (established),1986,Almonte,"45.2281028,-76.2003667",45.2281028,-76.2003667,"At one time one of the largest mills in Canada, it is characteristic of late 19th-century textile mills in Canada",NHistoric
117,Royal Flying Corps Hangars ,1917 (completed),1989,Essa,"44.2689278,-79.8884583",44.2689278,-79.8884583,Eight surviving First World War hangars at CFB Borden which played a significant role in the development of military aviation in Canada,NHistoric
118,Ruin of St. Raphael's Roman Catholic Church ,1821 (main church completed),1996,South Glengarry,"45.2117194,-74.5970389",45.2117194,-74.5970389,"St. Raphael's roof, tower and interior decoration were destroyed by fire in 1970, but the ruins were preserved; one of the earliest surviving Roman Catholic monuments in English-speaking Canada",NHistoric
119,Ruthven Park ,1846 (completed),1995,Cayuga,"42.979278,-79.8750889",42.979278,-79.8750889,"An estate with a Greek Revival villa, laid out by David Thompson; associated with the transformation of Upper Canada from a ""settler"" to a ""settled"" society",NHistoric
120,Saint-Louis Mission ,1649 (attack),1920,Victoria Harbour,"44.7290972,-79.7812833",44.7290972,-79.7812833,"A 2-hectare (4.9-acre) archaeological site, once the site of a stockaded Huron-Wendat village and nearby Jesuit mission; an Iroquois attack in 1649 led to a chain of events resulting in the abandonment of Huronia by the Huron-Wendat in 1650",NHistoric
121,Sainte-Marie Among the Hurons Mission ,1639 (established),1920,Midland,"44.7343639,-79.8454194",44.7343639,-79.8454194,"The reconstructed main Jesuit mission to the Huron-Wendat; over ten years, it grew into a sizeable colony, but was abandoned in 1649 due to disease and conflict",NHistoric
122,Sandwich First Baptist Church ,1851 (completed),1999,Windsor,"42.2917972,-83.0802556",42.2917972,-83.0802556,One of the oldest Baptist churches surviving from this period in Ontario; representative of the churches in border settlements built to accommodate the communities created by Underground Railroad refugees,NHistoric
123,Sault Ste. Marie Canal ,1895 (completed),1987,Sault Ste. Marie,"46.51278,-84.35139",46.51278,-84.35139,"Now operated as a recreational facility, the canal and associated works were a significant part of Canada's national canal system at the time of their construction; the first electrically-powered lock in the world",NHistoric
124,Serpent Mounds ,50 BCE to 300 CE (ca.),1982,Keene,"44.21111,-78.15694",44.21111,-78.15694,A grouping of six separate burial mounds forming a serpentine shape approximately 60 metres (200Â ft) long; the only one of its kind in Canada,NHistoric
125,Sharon Temple ,1831 (completed),1990,Sharon,"44.101333,-79.4418750",44.101333,-79.441875,"A temple built by the Children of Peace, a schismatic Quaker sect, and its design and aesthetics embody the values of the group; acquired by a local historic group in 1917, and is representative of the early heritage conservation movement in Canada",NHistoric
126,Sheguiandah ,"11,000 BCE (ca.) (first occupation)",1954,Manitoulin District,"45.8779694,-81.9011444",45.8779694,-81.9011444,"An archaeological site on Manitoulin Island where successive aboriginal peoples quarried quartzite, leaving behind artifacts spanning approximately 10,000 years of occupation",NHistoric
127,Sir John Johnson House ,1792 (original core completed),1961,Williamstown,"45.1447361,-74.5794750",45.1447361,-74.579475,"A wooden house of typical 19th-century Ontario vernacular design; associated with noted Loyalist Sir John Johnson, 2nd Baronet",NHistoric
128,Smiths Falls Bascule Bridge ,1913 (completed),1983,Smiths Falls,"44.8972139,-76.0270528",44.8972139,-76.0270528,"A bascule bridge over the Rideau Canal; an early example of distinctive design in movable bridges, it is the oldest surviving structure of its type",NHistoric
129,Smiths Falls Railway Station (Canadian Northern) ,1914 (completed),1983,Smiths Falls,"44.8991889,-76.0277083",44.8991889,-76.0277083,"Now serving as the Smiths Falls Railway Museum, the station's distinctive turret, polygonal waiting room and substantial construction were a departure from the usual practice of building cheaply from standard plans; representative of Canadian Northern Railway's efforts to compete directly with the Canadian Pacific Railway",NHistoric
130,Southwold Earthworks ,1500 (ca.)(occupation),1923,Iona,"42.674317,-81.36059067",42.674317,-81.36059067,Rare and well-preserved archaeological remains of an Attawandaron fortified village,NHistoric
131,St. Jude's Anglican Church ,1871 (completed),1993,Brantford,"43.1398722,-80.2534917",43.1398722,-80.2534917,"A small 1871 church in the High Victorian Gothic Revival style; known for its striking interior murals, painted in 1936, influenced by the Arts and Crafts Movement and the work of William Morris",NHistoric
132,St. Marys Junction Railway Station (Grand Trunk) ,1858 (completed),1973,St. Marys Junction,"43.2718222,-81.1312583",43.2718222,-81.1312583,"A one-storey limestone building in the Italianate style which served for a time as the western terminus of the Grand Trunk Railway; representative of the Grand Trunk's original Ontario stations, and a rare surviving stone example",NHistoric
133,St. Thomas City Hall ,1899 (completed),1984,St. Thomas,"42.7790972,-81.192722",42.7790972,-81.192722,"A well-designed late Victorian civic building with a commanding clock tower, reflective of the tremendous growth of the city at the end of the 19th century; one of the few surviving unaltered Richardsonian Romanesque town halls in Canada",NHistoric
134,Stephen Leacock Museum / Old Brewery Bay ,1928 (completed),1992,Orillia,"44.6082583,-79.3939778",44.6082583,-79.3939778,"A two-storey house on a four 4-hectare (9.9-acre) property on the shores of Lake Couchiching; home of and inspiration to Stephen Leacock, one of Canada's most celebrated authors and humorists",NHistoric
135,Stratford City Hall ,1899 (completed),1976,Stratford,"43.3699972,-80.9821889",43.3699972,-80.9821889,"A monumental red brick city hall with a prominent clock tower; a noted late 19th-century Picturesque municipal building, representative of an era when growing cities sought to express their civic pride and ambition in impressive civic buildings",NHistoric
136,Thistle Ha' Farm ,1852 (livestock operation began),1973,Claremont,"43.9397333,-79.109139",43.9397333,-79.109139,An 80-hectare (200-acre) working farm where groundbreaking breeding of pedigree livestock in Canada occurred in the 19th century; the work undertaken here played an important role in improving stock breeding throughout the Americas,NHistoric
137,Thunder Bay Tourist Pagoda ,1909 (completed),1986,Thunder Bay,"48.4345722,-89.2180500",48.4345722,-89.21805,"An octagonal brick tourism bureau featuring a pagoda-shaped roof with cupola, surrounded by a verandah and with an entrance surmounted by a carved beaver; symbolic of civic boosterism and novelty architecture",NHistoric
138,Trent to Severn Waterway ,1830 (commenced) - 1920 (completed),1929,Trenton,"44.1208250,-77.5914194 ",44.120825,-77.5914194,A 386-kilometre (240Â mi) natural and man-made waterway that links Georgian Bay to the Bay of Quinte; an important transportation route noted for the high number of surviving unmodified structures in some sections dating from the waterway's construction,NHistoric
139,Severn Waterway,1830 (commenced) - 1920 (completed),1929,Cobourg,"44.8037000,-79.7207028",44.8037,-79.7207028,A 386-kilometre (240Â mi) natural and man-made waterway that links Georgian Bay to the Bay of Quinte; an important transportation route noted for the high number of surviving unmodified structures in some sections dating from the waterway's construction,NHistoric
140,Victoria Hall / Cobourg Town Hall ,1860 (completed),1959,Petrolia,"43.9594111,-78.1678083",43.9594111,-78.1678083,"A neoclassical three-storey civic building; one of the more extravagant examples of town halls constructed in Canada West after landmark municipal legislation in 1848, symbolic of the prosperity and optimism of Cobourg during the 1850s",NHistoric
141,Victoria Hall / Petrolia Town Hall ,1889 (completed),1975,Onondaga,"42.8811972,-82.1468250",42.8811972,-82.146825,"A buff brick town hall with prominent clock tower, reflective of the time in the 1880s when Petrolia was among the wealthiest towns in Canada due to the local oil boom",NHistoric
142,Walker Site ,,1982,Fergus,"43.11667,-80.11667",43.11667,-80.11667,Large Iroquoian archaeological site pertaining to the historic Attiwandaronk tribe,NHistoric
143,Wellington County House of Industry and Refuge ,1877 (completed),1995,Sault Ste. Marie,"43.6930722,-80.3997722",43.6930722,-80.3997722,"A former farm dominated by a two-storey Italianate-style stone building; oldest known state-supported poorhouse or almshouse in Canada, now serving as the county museum and archives",NHistoric
144,Whitefish Island ,300 BCE (ca.) (first Aboriginal encampments),1981,Wilberforce,"46.511000,-84.354000",46.511,-84.354,"A small, naturalized island that was occupied by eight successive cultures, culminating in the development of the Ojibwa nation; its location made it a focal point of pre-contact trade and settlement",NHistoric
145,Wilberforce Red Cross Outpost ,1916 (completed); 1922-57 (health centre operational),2003,Port Dover,"45.0389056,-78.2235889",45.0389056,-78.2235889,"A simple frame house that served as the first outpost of the Ontario Division of the Canadian Red Cross; dedicated women provided nurse care with minimal medical backup, facilities and equipment, and the site is representative of the key role of nurses in providing health care and education in isolated areas",NHistoric
146,Wintering Site ,1669â€“70 (event),1919,Wolfe Island,"42.7946250,-80.189333",42.794625,-80.189333,Explorers FranÃ§ois Dollier de Casson and RenÃ© de BrÃ©hant de GalinÃ©e and seven other Frenchmen wintered at this site - the first Europeans known to have ascended the Great Lakes to Sault Ste. Marie,NHistoric
147,Wolfe Island Township Hall ,1859 (completed),1984,London,"44.1931222,-76.4408000",44.1931222,-76.4408,A small Italianate rural town hall; an unusually sophisticated example of its type,NHistoric
148,Wolseley Barracks ,1888 (completed),1963,Kitchener,"43.000139,-81.2338972",43.000139,-81.2338972,"The first purpose-built infantry training school erected by the federal government, originally used to house Company ""D"" of the Infantry School Corps of The Royal Canadian Regiment; an important early step in the development of a permanent military force in Canada following the withdrawal of regular British troops from Canada in 1871",NHistoric
149,Woodside ,1853 (completed),1952,,"43.4635778,-80.480722",43.4635778,-80.480722,"A one-and-a-half-storey house on a wooded estate which served as the childhood home of William Lyon Mackenzie King, the longest serving Prime Minister of Canada; the subject of many of King's writings in adult life",NHistoric
150,Battle of Stoney Creek ,1813 (battle),1960,Stoney Creek,"43.217271, -79.7662",43.217271,-79.7662,"The site of a British victory that marked a turning point in the War of 1812, representing the most advanced position achieved by American forces in the Niagara campaign",PHistoric
151,Burlington Heights ,1813-14 (wartime activities),1929,Hamilton,"43.27056, -79.88611",43.27056,-79.88611,An assembly point and supply depot for the defence of the Niagara Peninsula and support of the navy on Lake Ontario during the War of 1812,PHistoric
152,Dundurn Castle ,1835 (completed),1984,Hamilton,"43.269481, -79.884649",43.269481,-79.884649,"Picturesque-style villa of magnate Sir Allan Napier MacNab, 1st Baronet",PHistoric
153,Erland Lee (Museum) Home ,1808 (completed),2002,Hamilton,"43.20667, -79.72167",43.20667,-79.72167,"A Carpenter Gothic farmhouse recognized as the birthplace of an important national and international women's movement, where the constitution of the first Women's Institute was drafted",PHistoric
154,Former Hamilton Customs House ,1860 (completed),1990,Hamilton,"43.2663639, -79.8672139",43.2663639,-79.8672139,"A former customs house now serving as the Workers Arts and Heritage Centre; a noted example of Italianate architecture, which was popular in Canada from the 1840s to the 1870s; based on designs by Frederick Preston Rubidge 1858",PHistoric
155,Former Hamilton Railway Station (Canadian National) ,1931 (completed),2000,Hamilton,"43.2663639, -79.8672139",43.2663639,-79.8672139,"Built by Canadian National Railway, the railway station is a rare surviving example of an interwar station built according to the tenets of the City Beautiful movement; it served as an important immigration gateway after the Second World War",PHistoric
156,Griffin House ,1827 (completed),2008,Hamilton,"43.2359500, -80.0031278",43.23595,-80.0031278,"A rare surviving example of a four-room house typical in Upper Canada in the early 19th century; was owned by Enerals Griffin, a Black immigrant from Virginia who settled here in 1834, and the house is associated with Black settlement in British North America and the Underground Railroad",PHistoric
157,Hamilton Waterworks ,1859 (completed),1977,Hamilton,"43.2562361, -79.7706972",43.2562361,-79.7706972,"Built to deliver large quantities of clean water for safe drinking and fire control to rapidly expanding Hamilton, the waterworks is a rare surviving example of a Victorian industrial complex that is largely architecturally and functionally intact",PHistoric
158,HMCS Haida ,1942 (constructed),1984,Hamilton,"43.27531, -79.85538",43.27531,-79.85538,Last of the World War II Tribal-class destroyers; moored and open to the public as a museum ship at Hamilton Harbour,PHistoric
159,John Weir Foote Armoury ,1888 (completed),1989,Hamilton,"43.2618778, -79.8662278",43.2618778,-79.8662278,"Named after John Weir Foote, the north section of the building is representative of the second evolutionary stage in drill hall construction in Canada (in the 1870s to 1890s)",PHistoric
160,McQuesten House / Whitehern ,1848 (completed),1962,Hamilton,"43.2546, -79.8721",43.2546,-79.8721,"The two-storey neoclassical home of Thomas McQuesten, now serving as a museum; a superior and intact example of mid-19th-century residential architecture in Ontario",PHistoric
161,Royal Botanical Gardens ,1920s (established),1993,Hamilton,"43.2909833, -79.8751972",43.2909833,-79.8751972,"Comprising 1,100 hectares (2,700 acres) clustered around Burlington Bay, it is one of Canada's most important botanical gardens, and is the international registration authority for cultivar names of lilacs; named Canada's ""National Focal Point"" for plant conservation targets under the United Nations€™ Convention on Biological Diversity",PHistoric
162,Sandyford Place ,1856 (completed),1975,Hamilton,"43.2519389, -79.8732556",43.2519389,-79.8732556,"A row of stone terrace houses, typical of the construction style in Hamilton at a time when Scottish settlers sought to recreate the stone terraces of Scottish towns; a good example of the housing erected for merchants in the mid-19th century",PHistoric
163,St. Paul's Presbyterian Church / Former St. Andrew's Church ,1857 (completed),1990,Hamilton,"43.254761, -79.870282",43.254761,-79.870282,"An excellent representative example of the Gothic Revival style in a small, urban parish church",PHistoric
164,Victoria Hall ,1888 (completed),1995,Hamilton,"43.255691, -79.867267",43.255691,-79.867267,"A three-and-a-half-storey, commercial building with a hand-made, galvanized sheet-metal faÃ§ade on the front of its upper storeys; a very rare example of an in-situ, hand-made, sheet-metal faÃ§ade in Canada, and one of the most architecturally accomplished of the surviving sheet metal faÃ§ades in the country",PHistoric
165,Ann Baillie Building ,1904 (completed),1997,Kingston ,"44.2237667, -76.4923694",44.2237667,-76.4923694,"One of the first purpose-built nurses€™ residences in Canada, the building represents the professionalization of nursing in Canada in the early 20th-century, and now serves as the Museum of Health Care",PHistoric
166,Bellevue House ,1841 (completed),1995,Kingston,"44.22278, -76.50333",44.22278,-76.50333,"A noted example of Italianate architecture in the Picturesque manner in Canada, and the former residence of John A. Macdonald, a Father of Confederation and the first Prime Minister of Canada",PHistoric
167,Cataraqui Cemetery ,1850 (established),2011,Kingston,"44.264, -76.54111",44.264,-76.54111,"One of the best examples of a medium-sized rural or garden cemetery in Canada, containing a range of remarkable monuments, a Gothic Revival lodge, and the graves of many notable Canadians, including John A. Macdonald, the first Prime Minister (itself a NHS)",PHistoric
168,Elizabeth Cottage ,1843 (completed),1993,Kingston,"44.23179, -76.4889611",44.23179,-76.4889611,A representative example of a 19th-century Gothic Revival villa,PHistoric
169,Fort Frontenac ,1673 (original fort completed),1923,Kingston,"44.23333, -76.47861",44.23333,-76.47861,"Originally a French trading post that served as a gateway to the West, the base of Robert de LaSalle€™s explorations and a French outpost against the Iroquois and English forces",PHistoric
170,Fort Henry ,1840 (completed),1923,Kingston,"44.2302639, -76.4596806",44.2302639,-76.4596806,"British fort that served as the principal fortification among a series of military works designed to defend Kingston, its harbour and dockyard and the entrance to the Rideau Canal",PHistoric
171,Frontenac County Court House ,1858 (completed),1980,Kingston,"44.227777, -76.489777",44.227777,-76.489777,"Representative of the large-scale court houses erected in Ontario after 1850, when the Municipal Act was amended to give increased power to counties to construct court houses on a monumental scale to accommodate various county functions",PHistoric
172,Kingston City Hall and Market Square,1844 (completed),1961,Kingston,"44.2299111, -76.480583",44.2299111,-76.480583,"A prominent example of the Neoclassical style in Canada, with a landmark tholobate and dome; its scale and design are reflective of Kingtson's status at the time of construction as capital of the Province of Canada . The Kingston Public Market, founded in 1801, is behind city hall and part of the national historic site and is the oldest public market in Ontario.",PHistoric
173,Kingston Customs House ,1859 (completed),1971,Kingston,"44.2296222, -76.4823472",44.2296222,-76.4823472,A limestone former customs house; an excellent example of the architectural quality of mid-19th-century public buildings designed in the British classical tradition,PHistoric
174,Kingston Dry Dock ,1892 (completed),1978,Kingston,"44.2251750, -76.4833778",44.225175,-76.4833778,"An important construction and repair facility for ships on the Great Lakes; noted for the Second World War naval vessels, notably corvettes, built in this dry dock",PHistoric
175,Kingston Fortifications ,1840 (completed),1989,Kingston,"44.222275, -76.490357",44.222275,-76.490357,"A fortification system consisting of five installations (Fort Henry NHS, Fort Frederick, Murney Tower NHS, Shoal Tower NHS and Cathcart Tower), crucial to the 19th century defense of Kingston and the terminus of the Rideau Canal",PHistoric
176,Kingston General Hospital ,1833-1924 (completion of historic buildings),1995,Kingston,"44.22417, -76.49306",44.22417,-76.49306,"A complex of limestone buildings, built between 1833 and 1924, set in a campus of more recent hospital buildings; the oldest public hospital in Canada still in operation, with facilities illustrative of health care in Canada in the 19th and 20th centuries",PHistoric
177,Kingston Navy Yard ,1788 (established),1928,Kingston,"44.22889, -76.46861",44.22889,-76.46861,The site of a Royal Navy Dockyard from 1788 to 1853,PHistoric
178,Kingston Penitentiary ,1835 (established),1990,Kingston,"44.22069, -76.51340",44.22069,-76.5134,"Canada's oldest reformatory prison, with a layout that served as a model for other federal prisons for more than a century; its massive stone wall and north gate are an imposing local landmark",PHistoric
179,Murney Tower,1846 (completed),1930,Kingston,"44.22228, -76.490582",44.22228,-76.490582,A martello tower located on Murray Point on the west shore of Kingston Harbour; also a component of the Kingston Fortifications National Historic Site of Canada,PHistoric
180,Old Kingston Post Office ,1859 (completed),1971,Kingston,"44.2299750, -76.4830250",44.229975,-76.483025,"A two-storey, limestone building built in the Neoclassical style, illustrative of the popularity of neoclassical elements in the mid-19th century and the eclecticism of early Victorian architecture in Canada",PHistoric
181,Point Frederick Buildings ,1790 to 1846 (completed),1973,Kingston,"44.2279806, -76.4694778",44.2279806,-76.4694778,A peninsula upon which a major British naval base was located during the War of 1812; an assemblage of architecturally significant structures used by the Royal Military College of Canada,PHistoric
182,Rideau Canal ,1837 (completed),1925,Ottawa to Kingston,"45.42583, -75.69722",45.42583,-75.69722,"Built for the British government by Lieutenant-Colonel John By as a defensive work in the event of war with the United States, the canal is the best preserved example of a 19th-century slack water canal in North America, with most of its original structures intact",PHistoric
183,Roselawn ,1841 (completed),1969,Kingston,"44.2255500, -76.5101833",44.22555,-76.5101833,"A two-storey neoclassical house, now used as a conference centre by Queen's University; at one time the centre of a large estate, it is representative of the large 19th-century country houses built for affluent Kingstonians just beyond the (then) city outskirts",PHistoric
184,Shoal Tower ,1847 (completed),1930,Kingston,"44.2288028, -76.47809",44.2288028,-76.47809,"A martello tower located on a shoal in Kingston harbour; a component of the Kingston Fortifications NHS, and symbolic of Kingston's military and naval significance in the 19th century",PHistoric
185,Sir John A. Macdonald Gravesite ,1891 (burial),1938,Kingston,"44.262080, -76.542188",44.26208,-76.542188,"The burial place of Sir John A. Macdonald, a Father of Confederation and the first Prime Minister of Canada, in Cataraqui Cemetery NHS",PHistoric
186,War of 1812 Shipwrecks ,1814 (built),2015,Kingston,"44.231003, -76.452241",44.231003,-76.452241,"Wrecks of the British ships Saint Lawrence, Princess Charlotte, and Prince Regent in Deadman Bay and elsewhere",PHistoric
187,Battle of Beaver Dams ,1813 (battle),1921,Thorold,"43.117776, -79.185419",43.117776,-79.185419,"The site of a decisive British victory during the War of 1812, after heroine Laura Secord had earlier struck out on a long and difficult trek to warn the British of an impending American attack",PHistoric
188,Battle of Chippawa ,1814 (battle),1921,Chippawa,"43.052127, -79.024720",43.052127,-79.02472,The site of a battle that took place during the War of 1812 as a result of the last major American invasion of Canada,PHistoric
189,Battle of Cook's Mills ,1814 (battle),1921,Cooks Mills,"42.997895, -79.174913",42.997895,-79.174913,"The site of the last engagement between U.S. and British/Canadian armies fought in Niagara, and second-last on Canadian soil during the War of 1812",PHistoric
190,Battle of Lundy's Lane ,1814 (battle),1937,Niagara Falls,"43.089152, -79.095456",43.089152,-79.095456,The site of a spontaneous confrontation between the British and American forces in which the British attacked American forces returning from the Battle of Chippawa; the six-hour-long battle was one of the bloodiest battles of the War of 1812 and marked the end of American offensive in Upper Canada,PHistoric
191,Battlefield of Fort George ,1813 (battle),1921,Niagara-on-the-Lake,"43.262033, -79.084517",43.262033,-79.084517,"The site of one of the fiercest battles of the War of 1812, in which the U.S. managed to gain a toehold on the Niagara Peninsula; distinct from nearby Fort George National Historic Site",PHistoric
192,Butler's Barracks ,1814 to 54 (completed),1963,Niagara-on-the-Lake,"43.248370, -79.0740",43.24837,-79.074,"A complex of five wooden buildings, built by the British after the War of 1812 and occupied as a military camp until the 1960s, representing 150 years of military history",PHistoric
193,Former L.J. Shickluna Service Station ,1924 (c.) (completed),1995,Port Colborne,"42.887941, -79.251214",42.887941,-79.251214,Early Spanish Colonial Revival-style service station; symbol of rapid post-World War I automobile culture,PHistoric
194,Fort Drummond ,1814 (completed),1928,Niagara-on-the-Lake,"43.160147, -79.052234",43.160147,-79.052234,"A redoubt and battery constructed during the War of 1812 to protect the main portage road from Chippawa to Queenston, named after Sir Gordon Drummond; some walls of the redoubt are still extant",PHistoric
195,Fort Erie ,1808 (completion of third Fort Erie),1933,Fort Erie (town),"42.8932500, -78.9238167",42.89325,-78.9238167,"The first British fort to be constructed as part of a network developed after the Seven Years' War in the western portion of the Province of Quebec (later Upper Canada); captured and destroyed in 1814 by invading American forces during the War of 1812, the remains of the fort were rebuilt by the Niagara Parks Commission in 1937 to 39",PHistoric
196,Fort George ,"1799 (completed), 1940 (reconstruction completed)",1921,Niagara-on-the-Lake,"43.25083, -79.06111",43.25083,-79.06111,Reconstructed British fort that served as the principal fortification on the Niagara Peninsula during the War of 1812; distinct from the nearby Battlefield of Fort George National Historic Site,PHistoric
197,Fort Mississauga ,1814 (completed),1960,Niagara-on-the-Lake,"43.26167, -79.07667",43.26167,-79.07667,"Located in a strategic position at the mouth of the Niagara River to protect the Canadian frontier and to counter Fort Niagara on the U.S. side, it is the only remaining fortification of its type (a square tower within a star-shaped earthwork) in Canada",PHistoric
198,Frenchman's Creek ,1812 (battle),1921,Fort Erie,"42.94227, -78.926",42.94227,-78.926,"The battle of Frenchman€™s Creek was a minor skirmish in the War of 1812, where British forces pushed an American advance parties back across the Niagara River; the failure of American troops contributed, in part, to the cancellation of the larger invasion planned for the Niagara peninsula at the end of 1812",PHistoric
199,Mississauga Point Lighthouse ,"1804 (completed), 1814 (demolished)",1937,Niagara-on-the-Lake,"43.26164, -79.0766278",43.26164,-79.0766278,"The first lighthouse on the Great Lakes, constructed in 1804 by the military masons of the 49th Regiment of Foot, it was damaged in the Battle of Fort George in 1813, and demolished in 1814 when the British built Fort Mississauga on the site",PHistoric
200,Navy Island ,1761 (shipyard established),1921,Niagara Falls,"43.0564083, -79.010583",43.0564083,-79.010583,"Archaeological remains on an uninhabited island on the Ontario side of the Niagara River; during the 1760s, the island was home to the first British shipyard to serve the Upper Great Lakes and, during the Upper Canada Rebellion, the seat of William Lyon Mackenzie€™s exiled government, the Republic of Canada",PHistoric
201,Niagara Apothecary ,1820 (completed),1968,Niagara-on-the-Lake,"43.2550694, -79.070917",43.2550694,-79.070917,"A white, single-storey clapboard Georgian building on Niagara-on-the-Lake€™s main commercial street, it served as an apothecary/pharmacy from approximately 1866 to 1964 and it is one of the very few remaining examples of an old apothecary shop",PHistoric
202,Niagara District Court House ,1847 (completed),1980,Niagara-on-the-Lake,"43.2550694, -79.070917",43.2550694,-79.070917,"Designed by William Thomas in the Neoclassical style, it is an excellent example of a mid-19th-century multipurpose civic structure, originally containing the local court house, jail, market and town hall",PHistoric
203,Niagara-on-the-Lake ,1815 to 59 (completed),2003,Niagara-on-the-Lake,"43.2550056, -79.071833",43.2550056,-79.071833,An early-19th-century Loyalist town located on the southern shore of Lake Ontario; the historic district covers 25 city blocks and contains the best collection of buildings in Canada from the period following the War of 1812,PHistoric
204,Point Abino Light Tower ,1918 (completed),1998,Crystal Beach,"42.8355139, -79.0951778",42.8355139,-79.0951778,"A lighthouse situated at the eastern end of Lake Erie; intended to complement the summer homes nearby, it was more elaborately designed than most Canadian lighthouses, with a high level of its features still intact",PHistoric
205,Queenston Heights ,1812 (battle),1968,Niagara-on-the-Lake,"43.160147, -79.052234",43.160147,-79.052234,"A treed promontory on the Niagara Escarpment, where the British repulsed an American invasion in the Battle of Queenston Heights in the War of 1812; site of Brock's Monument and a monument to Laura Secord",PHistoric
206,Queenston-Chippawa Hydro-electric Plant ,1925 (completed),1990,Niagara-on-the-Lake,"43.1459639, -79.0454306",43.1459639,-79.0454306,"At the time of its completion, it was the first large-scale hydroelectric generation project in the world",PHistoric
207,R. Nathaniel Dett British Methodist Episcopal Church ,1836 (completed),1999,Niagara Falls,"43.087806, -79.0874861",43.087806,-79.0874861,A British Methodist Episcopal Church chapel named after and associated with the formative years of composer Robert Nathaniel Dett; representative of early black settlement in the Niagara area and the church's role in assisting Underground Railroad refugees,PHistoric
208,Ridgeway Battlefield ,1866 (battle),1921,Fort Erie,"42.904349, -79.0416",42.904349,-79.0416,"The site of the battlefield where the Queen€™s Own Rifles, 13th Hamilton Battalion, and Caledonia and York Rifle Companies of Haldimand defended Canada against Fenian raiders from the United States",PHistoric
209,"Salem Chapel, British Methodist Episcopal Church ",1855 (completed),1999,St. Catharines,"43.1651972, -79.24004",43.1651972,-79.24004,"A gable-fronted church representative of the auditory-hall design of Underground Railroad-related churches; an important centre of 19th-century abolitionist activity in Canada, associated with Harriet Tubman",PHistoric
210,Toronto Power Generating Station ,1913 (completed),1983,Niagara Falls,"43.0720694, -79.0738167",43.0720694,-79.0738167,"A generating station to supply hydro-electric power to Toronto, it was the first wholly Canadian-owned hydro-electric facility at Niagara Falls; an elegant and unusual application of Beaux-Arts design to an industrial site in Canada",PHistoric
211,Willowbank ,1836 (completed),2003,Niagara-on-the-Lake,"43.16773, -79.05796",43.16773,-79.05796,A 5-hectare (12-acre) estate with a large three-and-a-half storey temple-fronted mansion; the landscaping and largely unchanged exterior architecture are symbolic of the fusion of Neoclassical architecture and the Picturesque ideal that characterized large country estates of Upper Canada in the early 19th century,PHistoric
212,Vrooman's Battery ,1812 (battle),1921,Niagara-on-the-Lake,"43.1782667, -79.0583472",43.1782667,-79.0583472,An artillery battery that maintained a harassing fire on the American forces crossing the Niagara River during the Battle of Queenston Heights in the War of 1812; now consists of a mound on the riverbank,PHistoric
213,Aberdeen Pavilion ,1898 (completed),1983,Ottawa,"45.4000417, -75.6828222",45.4000417,-75.6828222,"The only large-scale exhibition building in Canada surviving from the 19th century, and also the oldest surviving venue in which the Stanley Cup was contested",PHistoric
214,Beechwood Cemetery ,1873 (established),2000,Ottawa,"45.4469, -75.6599",45.4469,-75.6599,"An exceptional example of 19th-century cemetery design, containing a concentration of mausolea, monuments, and markers of significant importance to the history of Canada, Ontario and Ottawa; the cemetery was declared the national cemetery of Canada in 2009. It has served as the national military cemetery since 1944 and the RCMP's national memorial cemetery since 2004.",PHistoric
215,Billings House ,1829 (completed),1968,Ottawa,"45.389832, -75.672235",45.389832,-75.672235,"One of Ottawa's oldest homes, this Georgian homestead was built by Braddish Billings, the first settler of Gloucester Township, where his home formed the nucleus of Ottawa's Billings Bridge area",PHistoric
216,Central Chambers ,1891 (completed),1990,Ottawa,"45.4232361, -75.6952639",45.4232361,-75.6952639,"A noted example of Queen Anne Revival commercial architecture, with a high profile location on Confederation Square",PHistoric
217,Central Experimental Farm ,1886 (established),1997,Ottawa,"45.382537, -75.713654",45.382537,-75.713654,A rare example of a farm within a city; the site of significant scientific contributions to agriculture,PHistoric
218,ChÃ¢teau Laurier ,1912 (completion of first wing),1980,Ottawa,"45.4255667, -75.6951083",45.4255667,-75.6951083,"One of Canada's landmark railway hotels, built in the distinctly Canadian ChÃ¢teau-style; dubbed the ""Third Chamber of Parliament"" due to its proximity to Parliament Hill",PHistoric
219,Confederation Square ,1939 (established),1984,Ottawa,"45.4240889, -75.695500",45.4240889,-75.6955,"The second most important ceremonial centre in Ottawa, after Parliament Hill, with Canada's National War Memorial at its centre and the Valiants Memorial at its periphery, and framed by the ChÃ¢teau Laurier, the Government Conference Centre, the National Arts Centre, the Central Chambers, the Scottish-Ontario Chambers, the Central Post Office, the Langevin Block and the East Block",PHistoric
220,Connaught Building ,1916 (completed),1990,Ottawa,"45.426562, -75.694669",45.426562,-75.694669,"A testament to Wilfrid Laurier€™s commitment to enhance the architecture in Canada's capital; one of the best works of David Ewart, the Chief Dominion Architect from 1896 to 1914",PHistoric
221,Diefenbunker / Central Emergency Government Headquarters ,1959 (completed),1994,Ottawa,"45.35167, -76.04722",45.35167,-76.04722,"An underground 4-storey bunker, capable of withstanding a near-hit from a nuclear explosion, built to shelter key Canadian political and military personnel in the event of a nuclear war, now a museum",PHistoric
222,Earnscliffe ,1857 (completed),1960,Ottawa,"45.437378, -75.698912",45.437378,-75.698912,"A house overlooking the Ottawa River, once the home to Canada's first Prime Minister, Sir John A. Macdonald, now the official residence of the British High Commissioner to Canada",PHistoric
223,Former Archives Building ,1906 (completed),1990,Ottawa,"45.43056, -75.6988583",45.43056,-75.6988583,"The home of the Public Archives of Canada from 1906 to 1967, and the Canadian War Museum from 1967 to 2005, this building was constructed as part of Prime Minister Sir Wilfrid Laurier€™s efforts to transform Ottawa from a lumber town into a capital city with requisite cultural and civic amenities and architecture",PHistoric
224,Former Geological Survey of Canada Building ,1863 (completion of the oldest part of the building),1955,Ottawa,"45.4265139, -75.6939333",45.4265139,-75.6939333,"Among the oldest government buildings in the capital, the building was the first Ottawa home of the Geological Survey of Canada; the building was also used to host the inaugural exhibit of the Canadian Academy of Arts in 1880 (the genesis of the collection of the National Gallery of Canada), and to display the Geological Survey's museum collections (which served as the foundation of the Canadian Museum of Nature)",PHistoric
225,Former Ottawa Teachers' College ,1875 (completed),1974,Ottawa,"45.4199917, -75.6909306",45.4199917,-75.6909306,"A nationally significant example of the Gothic Revival style in an eclectic design; the building served as a normal school until 1974, and now serves as a wing of Ottawa City Hall",PHistoric
226,Hart Massey House,1959 (completed),2018,Ottawa,"45.451356, -75.671683",45.451356,-75.671683,"Built in 1959, Hart Massey House is an iconic example of mid-20th century modernism in residential architecture, and an example of International style because of its sensitivity to its natural surroundings.",PHistoric
227,John R. Booth Residence ,1909 (completed),1990,Ottawa,"45.416762, -75.692480",45.416762,-75.69248,"Built for lumber baron John R. Booth, the house is a nationally significant example of the Queen Anne Revival style in domestic architecture",PHistoric
228,Langevin Block ,1889 (completed),1977,Ottawa,"45.4236750, -75.6970611",45.423675,-75.6970611,"One of the finest examples of Second Empire style office building architecture in Canada, the Langevin Block was the first purpose-built office building erected by the federal government outside the boundaries of Parliament Hill; currently serves as home to the Prime Minister's Office and the Privy Council Office",PHistoric
229,Laurier House ,1878 (completed),1956,Ottawa,"45.4277, -75.6781",45.4277,-75.6781,"As Canada did not have official residences for elected officials until 1950, this house was the home of Sir Wilfrid Laurier and then William Lyon Mackenzie King during the periods when each was leader of the Liberal Party of Canada; Laurier and King each served both as Prime Ministers and Leaders of the Opposition while living in this home",PHistoric
230,Maplelawn & Gardens ,1834 (completed),1989,Ottawa,"45.3882306, -75.7619500",45.3882306,-75.76195,A rare example of an early 19th-century country estate in Canada and an excellent example of the British classical style; the gardens are the best preserved of the few surviving examples of 19th-century walled gardens in Canada,PHistoric
231,National Arts Centre ,1969 (completed),2006,Ottawa,"45.4230, -75.6938",45.423,-75.6938,"Built to commemorate the Canadian Centennial and designed in the shape of hexagons, the centre heralded Canada's cultural and architectural achievements in the second half of the 20th century; also a component of the Confederation Square National Historic Site of Canada",PHistoric
232,Notre-Dame Roman Catholic Basilica ,1842-1897 (construction),1990,Ottawa,"45.42971, -75.69646",45.42971,-75.69646,"A Basilica prominently located on Sussex Drive, whose twin towers mark the entrance to Lower Town, one of Ottawa's earliest neighbourhoods; it is considered an exceptional example of Gothic Revival architecture in Canada",PHistoric
233,Parliament Buildings ,"1865 (West Block completed), 1866 (East Block), 1876 (Library of Parliament), 1920 (Centre Block)",1976,Ottawa,"45.4248, -75.6992",45.4248,-75.6992,The seat of the Parliament of Canada in a striking location on a hill above the Ottawa River; an important symbol serving as the physical embodiment of the Canadian government and federation,PHistoric
234,Public Grounds of the Parliament Buildings ,1875 (initial completion),1976,Ottawa,"45.424807, -75.699234",45.424807,-75.699234,"The focal point for national celebrations in Ottawa; the grounds were originally designed by Calvert Vaux, and since supplemented by 18 monuments and memorials",PHistoric
235,Rideau Canal ,1837 (completed),1925,Ottawa to Kingston,"45.42583, -75.69722",45.42583,-75.69722,"Built for the British government by Lieutenant-Colonel John By as a defensive work in the event of war with the United States, the still-functioning canal is the best preserved example of a 19th-century slack water canal in North America, with most of its original structures intact; a World Heritage Site and a unique historic landmark in the central core of Ottawa",PHistoric
236,Rideau Hall and Landscaped Grounds ,1838 (completion of original villa),1977,Ottawa,"45.4443694, -75.685972",45.4443694,-75.685972,The official Ottawa residence of the Governor General of Canada and the Canadian monarch; excellent example of the transposition of the natural style of the English country estate to Canada,PHistoric
237,Royal Canadian Mint ,1908 (completion of main building),1979,Ottawa ,"45.4311500, -75.6992667",45.43115,-75.6992667,"Representative of the federal government's approach to using the Tudor Gothic architectural style to create a distinctive identity in Canada's capital; the construction of this building, combining a mint and a refinery for gold produced by Canadian mines, symbolized the patriation of control over Canada's currency from Britain",PHistoric
238,Victoria Memorial Museum ,1911 (completed),1990,Ottawa ,"45.41266, -75.68875",45.41266,-75.68875,"Built to house Canada's first national museum, the building originally served as the home of the National Gallery of Canada and of the geological and natural history collections of the Geological Survey of Canada, and then served as the temporary premises of the Parliament of Canada from 1916 to 1922 when the original Centre Block was destroyed by fire; now the home of the Canadian Museum of Nature",PHistoric
239,Annesley Hall ,1903 (completed),1990,Toronto,"43.66778, -79.39306",43.66778,-79.39306,"The first purpose-built women's€™ residence on a Canadian university campus, and a good example of the Queen Anne Revival style in institutional architecture",PHistoric
240,Balmoral Fire Hall ,1911 (completed),1990,Toronto,"43.685833, -79.393870",43.685833,-79.39387,A rare example of the Queen Anne Revival style used for a fire hall,PHistoric
241,Bank of Upper Canada Building ,1825 (completed),1977,Toronto,"43.6518167, -79.370972",43.6518167,-79.370972,"An early 19th-century bank building, representative of the rise of Toronto as a commercial centre and the role played by the Bank of Upper Canada in the development of Upper Canada",PHistoric
242,Bead Hill,1600s (village established),"1991 (designated);June 15, 2019 (added to national park system)",Toronto,"43.8041028, -79.140111",43.8041028,-79.140111,An archaeological site in Rouge Park with the only known intact remains of a 17th-century Seneca village in the country,PHistoric
243,Birkbeck Building ,1908 (completed),1986,Toronto,"43.6507056, -79.3779139",43.6507056,-79.3779139,A four-storey office building typical of the premises of many financial institutions prevalent in central business districts of Canadian cities before the First World War; representative of a transitional building from that period which combined historical styles with (then) modern design and construction techniques,PHistoric
244,Eaton's 7th Floor Auditorium and Round Room ,1930 (completed),1983,Toronto,"43.660929, -79.383302",43.660929,-79.383302,"A foyer, restaurant and auditorium, designed by French architect Jacques Carlu and muralist Natacha Carlu, located within the former Eaton's College Street department store; remarkable examples of Art Deco and Streamline Moderne interior design",PHistoric
245,Chapel of St. James-the-Less Anglican Church ,1861 (completed),1990,Toronto,"43.669556, -79.3689778",43.669556,-79.3689778,The Chapel is a noted example of High Victorian Gothic Revival architecture and exemplifies the small chapels built in this style in Canada,PHistoric
246,Eglinton Theatre ,1936 (completed),1993,Toronto,"43.7044333, -79.4107389",43.7044333,-79.4107389,A cinema representing one of the best examples of the Art Deco-style in Canadian theatre design,PHistoric
247,Elgin and Winter Garden Theatres ,1914 (completed),1982,Toronto,"43.65306, -79.37917",43.65306,-79.37917,"A pair of stacked theatres built by renowned theatre-designer Thomas W. Lamb; originally built for vaudeville, they are the last remaining operational double-decker theatres in the world",PHistoric
248,Fort York ,"1793 (established), 1815 (current fort completed)",1923,Toronto,"43.6390278, -79.40333",43.6390278,-79.40333,"The birthplace of the settlement that would become Toronto and the primary defence for (what was then) York, Upper Canada, the Fort now serves as a museum containing the largest collection of War of 1812 buildings in Canada and many of the oldest buildings in Toronto",PHistoric
249,Fourth York Post Office ,1835 (completed),1980,Toronto,"43.6518472, -79.3706500",43.6518472,-79.37065,"Also known as the ""First Toronto Post Office"" (it was the fourth post office in York, but the first one to serve the settlement when it became Toronto in 1834), it is one of the earliest surviving examples in Canada of a building purpose-built as a post office; typical of small, early 19th-century public buildings, combining public offices and a private residence",PHistoric
250,George Brown House ,1877 (completed),1976,Toronto,"43.655825, -79.39502",43.655825,-79.39502,"The residence of George Brown, founder of (what is now) The Globe and Mail and a Father of Confederation; the site in Toronto most associated with the abolitionist movement and the Underground Railroad",PHistoric
251,Gooderham and Worts Distillery ,1859 to 1927 (construction of extant distillery buildings),1988,Toronto,"43.65073000, -79.3597694",43.65073,-79.3597694,"Forty historic distillery buildings on a 13-acre site, representative of the history of the Canadian distilling industry and Toronto's industrial past",PHistoric
252,Gouinlock Buildings / Early Exhibition Buildings ,1904 to 1912 (completed),1988,Toronto,"43.63278, -79.41611",43.63278,-79.41611,"Five buildings (the Fire Hall/Police Station, Government Building, Horticulture Building, Music Building and Press Building) on the grounds of the Canadian National Exhibition; the largest and finest group of early 20th century exhibition buildings in Canada",PHistoric
253,Heliconian Hall ,1876 (completed),2008,Toronto,"43.6719528, -79.39334",43.6719528,-79.39334,"Originally constructed as a church in Yorkville in the Carpenter Gothic style, the building has since 1923 served as a unique multidisciplinary arts club specifically for women",PHistoric
254,John Street Roundhouse (Canadian Pacific) ,1931 (completed),1990,Toronto,"43.640862, -79.385925",43.640862,-79.385925,"Located in Toronto€™s formerly vast railway lands near Union Station, it is Canada's best surviving example of a roundhouse; now occupied by the Toronto Railway Heritage Centre, the Steam Whistle brewery and a furniture store",PHistoric
255,Kensington Market ,1815 (first development (Bellevue Estate)),2006,Toronto,"43.6547722, -79.4006778",43.6547722,-79.4006778,"A neighbourhood noted for its network of narrow streets and lanes fronted by rows of small houses and shops; since the early 20th century, it has been home to numerous successive waves of immigrant communities, making it a microcosm of Canada's multiculturalism",PHistoric
256,Maple Leaf Gardens ,1931 (completed),2007,Toronto,"43.66222, -79.38028",43.66222,-79.38028,"Built for the Toronto Maple Leafs, the arena is regarded as of the most renowned ""shrines"" in the history of ice hockey; for 70 years, it was one of Canada's foremost venues for large-scale sporting events, concerts and political events",PHistoric
257,Massey Hall ,1894 (completed),1981,Toronto,"43.65417, -79.3790278",43.65417,-79.3790278,"A gift to the City of Toronto from wealthy industrialist Hart Massey, the concert hall has been one of the country's most important cultural institutions and is renowned for its outstanding acoustics",PHistoric
258,Metallic Roofing Company Offices ,1897 (completed),1984,Toronto,"43.6391694, -79.4271556",43.6391694,-79.4271556,"A unique Beaux-Arts style building decorated entirely in pressed metal; the building was dismantled in 1982 when the site was redeveloped, and it is held by the Ontario Heritage Trust for eventual reconstruction",PHistoric
259,Montgomery's Tavern ,1837 (battle),1925,Toronto,"43.7095, -79.3990",43.7095,-79.399,The site of an abortive insurrection by William Lyon MacKenzie during the Upper Canada Rebellion; the rebellion ultimately contributed to the establishment of responsible government in the colony,PHistoric
260,Mount Pleasant Cemetery ,1876 (opened),2000,Toronto,"43.696351, -79.384882",43.696351,-79.384882,An outstanding example of picturesque design inspired by the 19th-century tradition of rural cemeteries in a naturalistic setting; many of the grave markers are representative of significant epochs in the history of Toronto and the rest of the country,PHistoric
261,Old Toronto City Hall and York County Court House ,1899 (completed),1984,Toronto,"43.65250, -79.38167",43.6525,-79.38167,One of Canada€™s finest examples of Richardsonian Romanesque architecture and a symbol of Toronto's prosperity and rapid urbanization in the late 19th century,PHistoric
262,Old Toronto Post Office / Old Bank of Canada ,1853 (completed),1958,Toronto,"43.64999, -79.376355",43.64999,-79.376355,A noted example of Greek Revival architecture in Canada,PHistoric
263,Osgoode Hall ,1832 (original wing completed),1979,Toronto,"43.65222, -79.38556",43.65222,-79.38556,"Housing the Law Society of Upper Canada, courts of law and, until 1959, the only law school in the province, Osgoode Hall symbolizes the legal profession and court system in Ontario; a landmark on Queen Street West, it is also known for its ornate interiors",PHistoric
264,Royal Alexandra Theatre ,1907 (completed),1985,Toronto,"43.64741, -79.38750",43.64741,-79.3875,"One of the last theatres of its type built in Canada and arguably the best surviving example, it is a nationally significant theatre that has played a central role in the social and cultural life of Toronto",PHistoric
265,Royal Conservatory of Music ,1881 (Ihnatowycz Hall completed),1995,Toronto,"43.667972, -79.3962500",43.667972,-79.39625,"Originally constructed as the first home of McMaster University, Ihnatowycz Hall has housed the Royal Conservatory of Music since 1962; some of Canada's some of the most prominent musicians and music teachers have studied at the Conservatory, and it has played a significant role in music education across the country",PHistoric
266,St. Anne's Anglican Church ,1908 (completed),1996,Toronto,"43.6506222, -79.4306528",43.6506222,-79.4306528,"The church contains a unique cycle of paintings, executed in 1923, by ten noted artists, including three members of the Group of Seven, under the supervision of J. E. H. MacDonald",PHistoric
267,St. George's Hall (Arts and Letters Club) ,1891 (completed),2007,Toronto,"43.6578139, -79.3826417",43.6578139,-79.3826417,"Since 1920, St. George's Hall has been a gathering place for painters, writers, musicians, architects, actors and patrons of the arts; an important venue and catalyst for artistic activity in Canada",PHistoric
268,St. Lawrence Hall ,1850 (completed),1967,Toronto,"43.65028, -79.37222",43.65028,-79.37222,"St. Lawrence Hall was for many years Toronto's chief social and cultural centre, and is among the finest 19th century public buildings in Canada",PHistoric
269,The Grange ,1817 (completed),1970,Toronto,"43.6531250, -79.392417",43.653125,-79.392417,"An historic Georgian manor in downtown Toronto, it is one of the few surviving residential estates belonging to prominent citizens from the settlement of York; the oldest remaining brick house in Toronto",PHistoric
270,The Studio Building ,1914 (completed),2005,Toronto,"43.67325, -79.386083",43.67325,-79.386083,"An early Canadian artists€™ studio in the modernist style, with associations with important Canadian artists including the Group of Seven; designed by architect Eden Smith for painter Lawren Harris, it contains six purpose-built studio spaces and, at one time, artists such as Tom Thomson, Arthur Lismer and Thoreau MacDonald lived and worked on site",PHistoric
271,Toronto Island Airport Terminal Building ,1939 (completed),1989,Toronto,"43.6319472, -79.3957361",43.6319472,-79.3957361,Among the first group of airport terminals to be funded and approved by the then new Department of Transport as part of the development of Trans-Canada Air Lines; one of very few early terminal buildings to have survived and likely the oldest operating terminal of its kind in the country,PHistoric
272,Union Station (Canadian Pacific and Grand Trunk) ,1927 (completed),1975,Toronto,"43.64528, -79.38056",43.64528,-79.38056,"The finest example in Canada of classical Beaux-Arts railway stations, and the largest of the great urban stations built in the country during the early 20th century; illustrative of an era when railways were expanding and Toronto was becoming a modern metropolis",PHistoric
273,University College ,1859 (completed),1968,Toronto,"43.66222, -79.39583",43.66222,-79.39583,"One of the oldest collegiate buildings in the country, associated both with the development of non-denominational, publicly supported institutions of higher education in Canada, and with the development of the University of Toronto",PHistoric
274,Women's College Hospital ,1883 (founded),1995,Toronto,"43.661686, -79.387497",43.661686,-79.387497,"Founded at a time when women's access to medical education and hospital practice was extremely restricted, the hospital uniquely emphasizes women's health issues and women as health care providers; symbolic of the struggle and contribution of Canadian women to the medical profession",PHistoric
